sha256,call,jmp,jz,jnz,test,ret
003ed8d254100143b754e858ec6744b230b703634eb73083ca68b955f7563e7c,2843,2779,2663,2735,3143,1878
00c82e3217c107a3ae691fca5fb625563537daeac130504b6e5c12b6be605741,13088,7474,8649,11396,9888,1954
0694c8a85fb5f70b966d7ced30ff5cbcb674e747577299d69f5858aa2f46caae,2270,2604,2402,2454,3086,1967
0bd04d88d81fa9df94fbf34ccb7f717b3511add8c84f575c6d71db296205d958,19179,10536,13751,9691,19515,5256
0ce402cf92619e1d76d785c01928ec54abcb73933bde93ef33bec31c6ec825f8,519,1035,894,630,1043,1060
0d866ee6b07e3b9bcd19a12c6b93f015d82093acc0ccf1af1741140f558177c4,2529,1977,2335,2432,2419,1253
0fa53b6beb6418aa594b55e44ad6e9a3b266e40e768c6ca44eeaed328014f9df,2336,2704,2469,2466,2891,1948
0ff5f11008b1f3dae63f2c6bfe487c0f573fdee02cfb851a5772aa1b4a8858cd,1919,887,1514,1464,1593,210
1420f2aa5371b5fee33d7acf88f29db6379f93a1b0e9d08353b9a4bc7ee3e25a,2320,2748,2550,2528,2949,2027
144c27f0eef79f9c35c9cd856d33fdede7a6c67f66fc94e4d72e5ab894e12fd9,2679,2714,2689,2673,3131,1911
187cb39f278b18e3d77c8132d18dc34d67ebb7763d14487e63f866767ef978d8,2310,2685,2459,2483,2894,2007
197cf74cd5fbc150cc7d98e0e41a3daf2b4bbc473f8d311a304ccf28c9e625c4,2719,2762,2634,2715,3160,1912
1b094eb0548bb2ec7d798d26478fc76a133ec17a4bf32d2bbc62b2e931961cec,3841,2338,3707,3625,3783,1010
1b1958624ae9c03836f0d114c31e687629b1540cd40f8aff82f728791ad77e43,2372,2701,2490,2474,2895,1996
1b45ce9e219018ea903f5028c6b8743cfd557bb30a8a049825edcc5dc64b3317,51,74,1524,414,100,37
1ce2a17f4a476674dbf6cf4e15c6d3ae424eee86f484edc38c9e6fdf97805bc8,13693,7418,8534,11165,11463,1906
1de1be30fe540a3ec2668c30563484622da5359180d635842e30013d036b7f21,19718,10467,13756,9608,19597,5372
208638d211587ac721faa83b62b06c3385a7a463213ec56fbae13cf4b1af69cd,549,1089,843,681,1287,1120
21cbec3cb97c4b1a89614825e1f87615a218e70b938f112a36b87c9735385647,2313,2686,2524,2524,2820,1980
23a9ebd6ecd7cfe183feae9a59770946eee29c879c5e04f7f8124c69122851d2,19718,10467,13760,9608,19596,5372
2542ed4afe803dc465e555032b01d190a904a150b6bf46ef3471a3a9658a1e6d,2846,2702,2683,2767,3104,1918
25c2a7c2bc5a276b4b7ca40ec1f1be1f3ff359e673933d7c6095f2784f68b806,12885,6467,8975,11729,9538,1950
2dfafbcf8cb07f4255f07af20f6e99ca69fd39c90c77666e31d7653038e5fb52,12137,8962,10143,6621,13308,3717
2e4e268f4c49ab98cd0c5679e264f6a47458a389c0f0cc97f2a04371afbd3fb2,12014,8633,10015,6358,13187,2882
2f48e485273be89d24cdf15668eee11224eff2f8de7a547fc2302bf282ba4da7,2308,2681,2481,2477,2847,1910
2ff12d29622c3ec451952d6d2905b786fad7db0d7a446d6380b82c2597534738,2928,2784,2709,2863,3115,1880
31ab0c9dcb9699900b3e0a9591692c78d16b35040938d6556b96b40fb9d2770e,2299,2581,2531,2466,2920,2009
391a279a73e83e2bb74cc101dfac06934a7557e45b0bdcf6e936638933b7642b,19715,10471,13756,9592,19616,5375
3cf3a0c43f4630fa929fa70533223b46ad5eb4da8d350cf025e1e782921b825b,2962,2793,2743,2806,3112,1972
3e51fae8b429b5bb30d61a5efb5357020eb378f5b83e1e913349d737ebe0bd10,19718,10467,13756,9608,19596,5372
3fb6eda3a04cc1c6deb61aa659ab69d98830418668bd10c57380d39d980fe008,19179,10536,13752,9692,19515,5256
40ca0998c84775fdde0aaab7ff9ab51ce67ebb3c619275d91c07a10f3938891e,6770,13989,7035,6581,12901,13201
41b50ca266a53fcb5dcb9823614f6d0089f1234997cfee67b2d2283905a79056,19718,10467,13756,9608,19596,5372
4364de716ce73899bb82c0417a2cae748854be8db7ef7cc9fc9ca47b2f8031a0,643,3303,932,781,1437,1396
475cebc8a1fd978055028c85b10a262068a5918da7c4f5957fc7733a7af6aacc,2881,2841,2723,2824,3090,1934
480df6380ffa33d03a5edd961ad85847e436e84ec7ff22fcefa708b04952b09b,2345,2734,2486,2482,2907,1945
48709413d8861b47cf9e5b2ad93fdade7a287c7ad09b406a133457b1ce4b4049,19718,10467,13756,9608,19596,5372
49f6fc402b9fd7c10bb9779a5552a6506da0a16005dc2f05c61d80f0661fa893,2124,1531,2050,2067,1933,720
4a68e6a4b3691e027dfb50e0773ed86f2130e457cd86457afd87c4d9979d7bba,14352,12286,375,10581,12795,2024
4b721104097cc9a9f5bad2809b3830c48a3dc6f5a3db9c0f57277d1603341d00,19179,10536,13751,9691,19515,5256
4be4544201ade85dc34ed3db64a67c7eca8064912c3268eb0a07d5e8ae60e7c2,2690,2672,2644,2631,3093,1956
53028e41d47860f3e85545cf6f58f69096412c5b0d24cd625f3ecdfb420bcb1d,2887,2684,2714,2798,3120,1908
558e19403ee263bb51b7f77bf32048309935a8237b2e15435b3292455aacbc0f,2767,2609,2639,2670,3118,1964
5b7980827b280b946afe6fdc04d13816a161b39fc088085a968a6e2e905d2f4e,2321,2736,2467,2442,2878,1981
622cbf271ab0df0b2a00464df31d87a24cf87890879161f8c0de79fc7befa117,12007,8655,10004,6363,13205,2891
6738043e241a436a0fbc227fda2bd4ae10647c565c9c15e2cf03228270dbd0bc,3385,6789,4545,3934,6169,6369
67d95733eb6f0e24ceb38a6220ffc31fc1de39b2d7e6cd30acc38f221c2529f1,2326,2757,2488,2484,2915,1934
710b035a0554bc1a5b9533e65ac73e4b9236b617bd765a1a35264cbca28d92c4,2378,2712,2474,2488,2895,1951
711e2cc9177883ae471f21f0d8e92fab20fb7be70b5e7e8df0465d2e22525eb0,12448,9058,9891,6063,15611,3508
71e08b3ec6500046ea41335216d7483f6cd41e1c5edafd7dabe6a440537bf567,2289,2588,2392,2411,2996,1952
7364c1a162c1aba59448972e7a1586925cc2287dd02476acfe909bad9c2e9798,19715,10471,13756,9593,19616,5375
7418770a1f2b64379c4d9b780b1d7988c54d571987cee942595a48be0d10118c,239,478,2108,676,501,486
780552fd7cda1cb5ac137f19c30a183a493e2fb923c3c2846a7ffa3c0de506ec,2888,2729,2710,2820,3233,1988
797cf3d715ae5c433b139b38418759d8a1d7a02e63da205a6d137bdc5725aa9c,2293,2676,2493,2492,2935,2013
7f21b52f9b3a9efc07593303f785cf6d5d120b6d735ca1a27314412cb02aa343,19179,10536,13751,9691,19515,5256
80f2e0c027acf95ee54e49a422dfbb1b07edd1701e77ee5de0b6159884c5ade4,2872,2735,2692,2773,3142,1869
81173b89b99d19283f9ebe3ee7e2aa13070618cbb1d9d7c96a2bbf8be985dc7a,11996,8634,10003,6432,13167,2883
8149e8af66198a11c95ade83937a3f61a10c21a23a2f507bf734489724d54d5f,19199,10489,13744,9735,19522,5271
82ed847ff151260a02f9c9ab127186e7778bd6a92e7c29f7064f4eb93544cb5a,19718,10468,13756,9608,19596,5372
83699d2332140ed6474583d39943683b9cd5e0925d87e82382459155bdf47265,19179,10536,13751,9691,19515,5256
850d10d258df09b4e76d52a54aaab545b3fe53c442cf94b367cf288dcb88876a,2360,2681,2494,2462,2862,1936
89a4671154cbedeef33f82bfca8024cb818c413e136eb288a25cc026a6c763db,19718,10467,13756,9610,19596,5372
8a95bd48d2584a749fda8738ec81175f9599b73c6ab873e92177287450df8fd9,19718,10467,13756,9608,19596,5372
8b695ab5bc7a0211cf2a2fc98445ce164ab30f637fad547fc3f130bd9f510da7,2030,4302,2292,2100,4334,4218
8c390b728d39ad79c1c88b1eeac353cccfd30d8394c232fb49ce41e350b76353,19194,10482,13756,9690,19506,5233
8f0c0b437c16dbe754208bda0cee6b528520a245aded0194676671b5321a4ef1,19753,10417,13744,9614,19602,5384
8f3a006b7e65fe0dbb10119891f00bc2aac2b2de26b325757836f54c50d68fae,2251,2590,2390,2426,3042,1962
90902ac6c77e16a2e76175c59d1157f60bae24ddadf2abe7a939e35b7f4918a8,2324,2722,2453,2482,2903,1986
a07ecabb9993e542834dab5498e7ab394dce0c9bcc02b186aebca710e8969db0,19718,10467,13756,9608,19596,5372
a9ffffff38aca59d7d2f041fbdb253ca612c7ba2d597782b2e6a59a914f49b33,60,200,2159,551,142,189
aa9cb61a03fe6c11b0db5c84dbadb3766ebc2d9191233c200903f461b95cd5b5,2362,2683,2484,2490,2869,1886
ab8751727e68331389b28f69e721260a8b920405eb0547829f4479d4e269a9f9,617,343,695,771,420,65
ae33e022883443a6017cebace6ab931495a3b1a1b101b50fe08e6cb3bc76dba6,2209,2716,2419,2435,3136,1948
ae7115c10951c858011865bec8d01bd73f3dcbbe88d092cddb200a16737782c9,2867,2674,2681,2759,3102,2094
b1198208e9e31b019e36fe22edc2e2bbe54641448b5c0dec09b43add73684829,1013,1422,3821,1340,1513,1386
b2dcb9b99079ef9098199122161e73dbe62e761cd653ee1fe9192ea39491f9da,19735,10420,13762,9639,19617,5376
b44a521f5c49ef597c8a09b2e20f4c5ae91ca767f39e4a97a7ed7e2cc4e45b70,2296,2678,2462,2479,2858,2003
b92d7fba76d46c4481b6b6dbcfcd6044eb347edb6900f2efa14dca64983801a0,19715,10471,13756,9592,19616,5375
bc7381a7248b4a546acf4944e549080fad811acbf1b22a07a3469ea0559faa62,19860,10771,14072,9800,20183,5294
bd862ccdb4efe187742367ac2aa0862d96747a1f066ff8d2fb356712f14e835f,19718,10467,13757,9608,19596,5372
c19eece37b3f121921955fa412ad6b48877f8267b5736254f8b08a7182c80fb7,19179,10536,13751,9691,19515,5257
c6540305bd436857be3a8d27add6cc8da08d32c156846f30369b9baf012bb13c,19179,10536,13751,9691,19515,5257
c9192a00936786e367fe1ffc605eafc645c4bc3dcc66987772a8def633235468,19179,10536,13751,9691,19515,5256
cb445d69e9e6941a1c5f241ff1cbb0f276fb97bde77498837a491b8c356ec9d3,13063,6516,8559,11255,9714,12496
cbb94d9b6c2264c89defd71fd8a5dc1851fe56a7cb1ea073690df0c7436840d3,2291,2649,2504,2411,2913,1975
cbeb11d02bffea1aaf17e598dd3318b156a1870500eca06249b7a8be1802ad88,12001,8641,10002,6430,13199,2876
cc03302457a0f8306587c3cc985e34de489419c910f1d91b008f4e435cc19a25,19179,10536,13751,9691,19515,5256
d2ba0142c9e17b43feba80b43844f8ee44d9c19b22d21470eb379eb946c76582,19873,10609,14931,10855,21390,6489
d6841d2cc49083cd7cb8f193d2472bcfa3047a9604862e488add1a62ccae3b3b,19707,10470,13764,9589,19637,5379
d8668a7497663fe4dafbe879a0540d39c566f1826af34131213afbf025bd14e6,19179,10536,13751,9691,19515,5256
ddaf59dadef1986e418ad40fb95573ef73b4fcf30a74594c3c74f7b9b98c2bbb,19179,10536,13751,9691,19515,5256
e291e795b512467af58f2455f62ae6d3cce66d7d932b5bd2f0a023b5a517e8e4,12865,6682,8503,11286,9681,1726
e951410795a6006c98df0cbc171f3d39732508129cc255fe47ce68bf8c6ed019,19718,10467,13758,9609,19596,5372
e9655e3a2b5379fae4bf7fcaafe0fb2880eb77636b3f35395b9d9a3e1435af4b,2117,1498,2030,2051,1932,770
ea107aced2f858b3925ac4e522693bba0ea0c7d16ef4580ca5cb15a69f2e487a,2338,2706,2477,2447,2858,1992
eeffec5de4713c770dbcb8c37102766f46c6e0472d69945cb75bf6ce4828e695,19718,10467,13756,9609,19596,5372
f2cc2dc4260006c10df0349d74f4d2a182e696e42eae6d5321e77da6ac488e27,2318,2647,2469,2451,2919,1953
fbde3da2ce6571a21b1d5cfeab8199b98579c614c0f90ba9cc111386155638ef,12455,9076,9888,6062,15593,3486
fede64298de9d89c6ad2b422291b7fa0073771373d46324d4ca8c1ef826ea830,19861,10763,14053,9808,20200,5289
ff0a5b28b8e86e8f873adcdcc01d36daea6afd5031d9644f71837e1de2e7d875,2305,2679,2498,2479,2875,1953
