sha256,call,jmp(E9),jmp(EB),jz(74),jz(0F84),jnz(75),jnz(0F85),test,ret(CA),ret(CB)
005ba396358f3e9ab38fe29e3f81a06e24bbd12690a04b4eaae2bbb93d348240,581,117,174,583,63,602,60,372,8,15
0277b5d4172fd48c3868e940683bfd9608d10fc147d83f872d9982be7c751942,2231,1824,2026,2680,12,2240,11,3698,2004,2015
05ffa704d4fac8d3c9e75f459d79d1383699b1b24c0a7fab19a63df1a92fbe18,2376,1903,1644,9995,9,6575,17,6696,2949,1667
0c27457d56fb6fff074654b98e1e7e272dd8b6827239fc3d28f0ee8369be892a,1688,1498,1683,3626,5,2330,4,3084,1488,1585
11ba879203691cf383e6600a3812019bc3a9dd5da7643ace3e0168fd6d3f546f,2215,2222,2596,3286,10,2611,13,4839,2552,2878
1276d69291b917af55a996adf07d0157379b7afa227d51d2ff86d4e06311afed,1512,1521,1590,3847,8,2694,3,3219,1499,1556
184aff1b65ffdbd8c458dfd914d44a24c73956cdaade19d7539dda6bfc184cb6,1947,1859,1920,2833,19,2181,6,4027,2021,2208
18743d67309b9042dccd7fc9b27dfdf6860b11745831d891fb64142836e3fc77,1906,2062,2473,3807,8,3074,8,4219,2543,2579
1ad58f55bceeb539c9f77e62af86c5e09fb0dd0dcac700e6368964f6a4f5e5a8,2171,2101,2054,3687,9,2373,7,3856,1937,1990
1b312316c01c6a558f017c20ae484ddd11dde500cd290f11af6fd623ed51e7e9,1856,1637,1879,3023,12,2384,7,3593,1664,1823
1e4d15ccd3ee787324ccd48246f980a8e37495b82e962a27e9d634b14e6660bc,2583,2626,2610,4171,13,2991,6,4881,2167,2347
268284d43524b292123f0458959bfab14020353a4ed7d6f16028583afa0513d1,1695,1565,1625,3935,2,2580,5,3097,1496,1518
269135909706b22a5060b5d53ecea40ffa8d1fe1d1f13fe80062bcb37db09918,1745,1746,1766,2283,5,1927,4,3303,1918,1987
2b3bc8ae8908f619944ca14696ecec764b92d6ff891838d1a7fe951580b8edea,2160,2031,2194,3212,10,2604,6,4079,2537,2181
2ea8e7fe7b60fdc9a2d5edd1e71660d4bf60edff3f36576308b4bc1792e4d560,2299,2055,2237,3283,8,2616,3,4135,2441,2143
30ca5c0516711096dfef3a19f0552c7c3141afa626061705723caf97e176c9a7,2002,2280,2349,3503,10,2587,8,4263,2409,2630
331bbb0be69a6dd82555b23ee94a57060e69b1a9e71ef7bd65dea2e0847ef88b,2485,2804,2544,8114,11,4223,12,4968,2589,2532
35cee2022882d526edd3e6875100533418235040405ec907f6df3e72a01e18d2,2502,2723,2759,4887,6,3410,9,5831,2860,2867
37b18e3f5959105296e85bd500d53b862ef7f8187df179401470333275485b81,2235,2278,2435,3309,8,2620,7,4739,2498,2939
38662e4581c093a8ec9254756bd59aa99f8d579434034ace17deea99fe2eb27e,2898,2652,2744,3688,12,2984,14,4995,2645,2631
3d06cd1430771df1de9948c5f1e0b75eb9f8fe61fe2d7765ddaf916e8d59950c,1649,1661,1829,2951,13,2409,5,3587,1795,1811
44ef6929139229baffe966a8f2facca112903f143106b56b6afae3e0ae94276b,853,903,899,1525,6,1047,4,1840,883,891
454372ac55268a8141c6e02573cd6e7afb216af6d5cd3e30b05f26e2f931d2e5,2525,2658,2649,4741,12,3240,7,5629,2874,2716
454529ef92f2ff17bdfb7f8ec8df852fd1f7c7919a021adf1b6b1d41b4519ef6,1966,1950,2051,2950,7,2105,10,4087,2071,2129
479d6d3179e41f5b8e6f331c099b5668dc92df52aa43790167f59f192e0d8db3,2095,1917,2107,2840,10,2512,7,4132,2119,2020
4a2077c64b24049a2dfcfb0d2788d4160f1b21bdea9fa588ac69ed8fcd1ecd6e,581,117,174,583,63,602,60,372,8,15
4b28969cc4f30f407d15a6d462105ac3f164585ae720d35a8249bd5c91fc51d5,2466,2510,2673,4697,8,3450,14,5779,2717,2837
4c68110055c5902ce7fb0b21937939ead3f5d1b3857618c4286e93653e5f2813,2613,2633,2683,4217,11,3016,12,4869,2226,2373
4fa0b2f0de92f44a363b6dd07c8f3f43d336acc79891f41d88d5cc13b6566ea4,1466,1306,1346,2125,7,1526,7,3423,1701,1710
5184dee4018720301d37bc49fcf46eb957a4e847294902e90f34dcb277d36e2b,2447,2678,2638,4692,19,3261,9,5745,2893,2779
54933c48dcb2387600abe3a527ebb21ea93927134b38a014afdb2ba44d8c1fff,2278,2791,2407,8677,7,4062,9,4960,2198,2442
54d7590201b896cf43690362e083fb71afba0f102b23ca5c90990072a89ec011,3073,3601,3676,5216,8,4118,17,6493,3123,3280
5858f01bcc7b7e57d7705e26201eae641421dee20244d1a40005123938e6216c,2257,2515,2195,8608,9,4155,7,4950,2457,2457
58fd850405d91bc203ac92fc156020bee43051739ce29e8575cf1fcc4b723ce4,2807,2659,2783,3629,5,3016,10,4918,2552,2532
5d7ea409cdbcd41bc3431b2f26c1f5a1ec9b12b501c789f118b25d0d332c2eef,43,141,76,1439,0,494,0,223,67,113
6043474cab212e4b6a51fc863d2d38efe771dec8b83f9a340f31f06ad4631377,3672,3206,3091,3683,19,2986,13,8965,3280,3114
62807c3f8896bab3bad4537ffc327dc1775e250c0f0d8822f2df585e843e3f47,2857,2613,2803,3649,9,2885,11,4909,2692,2587
632c422039da363564777fa9306f420594bc54f3fe0ac2e597d26f60cadc8cd8,8654,7860,7654,12691,28,7686,27,15297,8288,11257
6379623552f5d0965d8cfe83f3725942907a9b26766e3e6cb5e27258b1e120d9,558,141,180,573,75,596,40,346,15,19
64c749751bffaa96432c647beb4f8ed81a7c811bc6dc0a6763f44455a7c4d5f3,2202,2257,2356,5248,4,3713,4,4307,2329,2517
65d0c541425d117d3a7cae9f870b5d3b14968066e0d1af76a6a511b4022eae28,2628,2645,2608,4201,13,2856,6,4818,2338,2409
6c317cf17fd580577d0d326188f5ad3200eec4a1b1c0e426c30ce73001114941,2146,2233,2218,2771,6,2190,11,4708,2371,2288
6c69f2907eccb9bc8715c3bbe0af8c8e55effab53abd16e5641b336f79bdc483,1603,1726,1639,3036,10,2041,4,3289,1640,1696
6c92c0a7566c67f67330f52bd2b3bcd86c5494126be9b66220ad73e7710de1d8,2128,1990,2194,3205,5,2558,8,4178,2665,2188
6f493b242d947fb42cacf6c5824857405bcd8426504d6e38b508762a92d3e1a0,2293,2168,2408,3357,8,2564,9,4722,2493,2754
72591e77bbafe38b00b3946db0ac4dfd559ff18a13562d6e58a9bdb10a668ae9,2756,2650,2791,3585,6,3001,13,4854,2584,2632
767c5838c6250f066fe8089e2d77b998a61a626b20080b1606791af987120c06,1043,1122,1072,3458,4,2303,5,2057,1117,1303
76bb047672915b6378f82db87a53b80be37aa810ac89b934b5c111e57601fc31,2147,1888,2133,2862,5,2479,11,4048,2130,2049
781b4c78badb1c255fd4f4178906c0f775709ad02a7b381e5c2832c414df447f,2115,2331,2491,3646,11,2737,12,4526,2651,2652
790027b5d9e45f536c779d6527483930da9e3b5891f5a5767363d496a1d528cb,2213,2269,2383,5316,18,4168,9,4388,2306,2539
7943a35a82cdeeedd3d1271bf449fa554665ff38fc07b17a5067385e1ed0724c,38,47,145,1441,0,492,0,147,106,92
7b59387424fab533c46c56bc259e1804ce9a2524fef9158a3ff479d6bf1043ee,2370,2546,2499,4651,13,3095,5,5687,2627,2694
80d1a09ae2bf3d82a34620822a32f69d442378e080a75a00851beda86937a879,1833,1876,1941,3274,1,2440,3,3494,1816,1869
8149c65930ce8cb22dfae9e6d18506abeefd8164fa13351e034c6fc9f844308e,2149,2138,2265,5100,4,3579,6,4276,2180,2377
81b3ee48efd3c8cc795f8aed301eebc2dc9409a955b34be0d2248fd7a837a227,2861,2638,2754,3680,4,2936,20,5096,2609,2604
82ab49f2560c1880f313f39bee79cee6429f5a360111448656c4b06f48349a59,1736,1692,1793,3558,7,2774,8,3406,1776,2117
83766eb3d1b9de9f4360d4bd3d9b9348041b37d6e09b2aecc15185520208cd9d,1987,2394,2456,7799,9,3649,4,4699,2548,2611
8399c2071ae9e9f742ef97c5e218fcc20c8787dccf867a658e328f8e2f2b7eff,3016,3156,3392,6001,11,4265,10,6141,3129,3285
8482b7bc62650fb0a7b485e4edccb50bd0d9f4880fec06a31071635bf4fbb0d3,556,141,178,576,74,596,39,342,12,21
861dfc40f7981f485a7caba7358401ebb7a622be550dc79f7a7292f5654a83eb,1965,1881,2010,2898,15,2178,11,3825,1990,2159
898da3660c91d1e919cc0a330e6b9d9a00a72afc1f06c33cabee346d7c03df06,2043,2040,2068,3599,8,2463,4,4179,1965,1907
8a93ececcf3c4de8bb2f3b6024a0d4df4d752f54b71d16dae5ce2d32b79e8cfd,1609,1537,1600,3832,5,2667,4,3178,1599,1517
8b797d817fc22b7ebafe44b6514710a76ddc448ab318a4504d3a49e24c88cb28,2064,1939,2087,2461,4,2103,4,3661,2432,2033
8e4ee0ec7d1ac518e6f583d03c62b7d89978f2a0df7f5d1e50e709fe7a91a512,2949,2686,2804,3422,9,4100,12,5095,3821,2655
8f6910c2c42d4d5aef3cd7ffa5bb4a70e15c2b32e35d465be19a68ffd872b60b,2154,2151,2186,3220,14,2283,5,4073,1953,2146
8fe1fbda137d7d1a5ee48332b6c076a9536537dd660239a251c1877ed886f0b9,1973,2107,2309,3856,6,2969,7,4151,2419,2596
91a3e32ebd79aafd9f8761c961933d6763d57e9ca163f3e019d1881f2562debe,1734,1446,1480,3915,9,2524,3,3026,1462,1513
91cf869fcc307366426f34deec69f87b925e834fab6c7df15526882c2d6626be,44,63,138,1445,0,482,1,137,83,85
9c5f4f464204dee9f965c7a9649abda3cc2c374fb445937427779ad7f0a3bba9,2205,2229,2368,5345,17,4221,12,4367,2278,2482
9d0ff50ebd77de7861b3770a71c3ddd6c9694b8c70fd2dd07aea0980f83d7247,2231,2043,2174,3236,11,2509,5,4191,2513,2205
9d3369a27c6853c05779af9b2d55559b225e27a8bd9a57e35bfde1825bfbdbf1,3495,3631,3663,5109,18,4060,12,6741,3193,3348
9d6f62dde12da038355490fdfde404e87945fc8605ce11985269ea784c3594c6,2354,2472,2377,4595,12,3186,18,5573,2673,2608
9f5da29a4b91ad8996aa600ac824a5667400dde0076bdff5c5b27652f0df000b,2109,2271,2322,3023,5,2517,14,4200,2138,2399
9f8bd35c99417ab86d20781c7f4737a247ab64354e73ffbc52d5c5e35f8cdc14,2033,1961,1999,2431,4,2050,6,3588,2451,2065
a316758201301fbb5bea1354ae7fee5f8a81e0ad449b527eb1b5c00ab475b6c0,1707,1425,1626,3877,6,2648,4,3134,1496,1589
a9c01f4b56368e2ac193fd37f4679a19c1f80f10c308632d51d8b0487f2564ff,1294,1112,1103,2500,6,1723,8,2289,1653,1237
ad56f94844519340ee763e3a6e7ecebbe0a807dcb0e97c61df4c08e95b692315,2384,2517,2693,3777,12,3164,9,5025,2404,2531
b47aa7b5477954f8d297266a203475a4e9f7b1152cb3a804c29402511157848e,9900,7848,10332,8075,32,9344,27,15558,7702,8200
b8848531fba261561cae57936e50512202d45257460805c92f2778331e0db85b,2600,2617,2798,3745,15,2992,8,4717,2511,2560
bd101151493572e15312c745f4216063668d99a1ac5d24584595975eb5ecde1f,2432,2603,2730,4718,9,3197,11,5654,2855,2666
c747fff018734130ed9ea73cfe40edd1fdfe417c19a45be0818861a0b878b8c4,8719,8743,8725,8810,28,8767,39,17403,8566,8616
c96c213d5c0a6408e232cfe53edbbb46cfe2cfcf8f5b7157017dbc5f74cd5867,1630,1452,1504,4024,2,2577,9,3193,1404,1431
cd3a8a30fab5929fb0c75fc80d28025ae10a7ccba84580cbcd2716636461091f,1595,1399,1474,2813,6,2026,2,2711,1331,1421
d28e06e30e13b4ab8cf705e807e08d96d2c7be5e1ef0c87e0bd8f2feb4a7b28b,2887,2751,2780,3752,7,3072,8,5002,2722,2619
d3169220e46eead42605fb4420da09e0c524c7a5d20b7b0d087c13c29c9de964,1960,2432,2530,7779,10,3870,19,4583,2643,2678
d3cd2cdc7d4979c03daa0b92a90d18ba47089abc568c76e4a11c4067defd6b31,2603,2562,2647,4103,8,2906,9,4979,2463,2423
d3cd3076d9df007e13f80cb032ccceefb8017ef6f3ea80cc02b5f0f737405075,581,117,174,583,63,602,60,372,8,15
d742297ca5cc509b66ce7090284d5a996b4bf3fb284797442402fff10ae47e74,2094,2309,2283,3833,18,2671,5,4251,2070,2173
dacd4c3fcc709ea06487613f8921bbce9714e551ed5e3b3f9912b3c159b44b65,2147,2069,2149,2691,8,2157,13,4709,2233,2123
dd1c9336b79c38138bb107ccb4a8baf9b1b3b2fd959b9f2ae93cba684707cb8c,0,10,5,184,0,54,0,16,8,14
ddef9ddc5c621654d2cef10a8a1c2da7cc409784814a517f34c39c3dbd8c3e89,2775,2599,2904,3742,4,3024,10,5018,2553,2497
df38a6f6bdb783cca7d8cbf1bd6889631a08c16396f5afe61cbded07bcdcd07f,1557,1486,1545,3828,4,2392,5,3205,1493,1513
e4ca634fd909ade2e92560c959a6585b19e050d06b09cf69faebd37529f4abbe,7346,9989,7441,10881,35,10294,23,14442,11123,7416
ea3605219638f6d67dde5ccedc1d1c12bcbf26fdddab503cc497aed1fc2ad9c6,2218,1924,2099,2822,12,2407,7,3821,2156,1921
ed70d26100b509a7b74ae7b12260c679a05a6bad291a5e40ef6a44a9fb3fdef7,581,117,174,583,63,602,60,372,8,15
ee4b810a397867119685343b2367383e2f594179ee5a032a31aaca6fe353ec4b,2693,2531,2644,4404,10,3068,11,4897,2189,2381
eeee70d0a88095478c4ab938f5954151a3f18b86ecf23b2cd3ade775a1e5c9de,2562,2729,2781,4772,6,3310,7,5757,2944,2909
f2fbf3aacd32bdcd8dc22abc45d879eb863dff437484913e1242bb6f277f1b53,2281,2611,3519,5800,14,4016,14,4847,2519,3229
f487cf6d998c562d6d43424c23df0d8648860e77a37c1bd0403a63833ee12cff,3282,3574,3777,5098,16,4387,12,6285,3193,3374
fc692587b027b7079b3d977ce7d2a0ee54c7d871d396bd255a82baed734eb158,2079,2128,2277,5190,19,3983,11,4184,2211,2381
